{"frames":{"image0.png":{"frame":{"x":0,"y":0,"w":233,"h":600},"rotated":false,"trimmed":false,"spriteSourceSize":{"x":0,"y":0,"w":233,"h":600},"sourceSize":{"w":233,"h":600}},"image1.png":{"frame":{"x":233,"y":0,"w":233,"h":600},"rotated":false,"trimmed":false,"spriteSourceSize":{"x":0,"y":0,"w":233,"h":600},"sourceSize":{"w":233,"h":600}},"image2.png":{"frame":{"x":466,"y":0,"w":233,"h":600},"rotated":false,"trimmed":false,"spriteSourceSize":{"x":0,"y":0,"w":233,"h":600},"sourceSize":{"w":233,"h":600}},"image3.png":{"frame":{"x":0,"y":600,"w":233,"h":600},"rotated":false,"trimmed":false,"spriteSourceSize":{"x":0,"y":0,"w":233,"h":600},"sourceSize":{"w":233,"h":600}}},"meta":{"app":"https://github.com/piskelapp/piskel/","version":"1.0","image":"image.png","format":"RGBA8888","size":{"w":699,"h":1200}}}